Workbook

Sheet 開発フロー
A1: ステップ | B1: 操作内容 | C1: 使用スキル | D1: 関連テストID | E1: 合否 | F1: 備考 | H1: 進捗サマリー
A2: 1 | B2: project-rules.mdを削除した状態でスキルを呼び出す | C2: load-project-rules | D2: LP-05 | E2: =IF('load-project-rules'!$H$6="","",'load-project-rules'!$H$6) -> ○ | F2: 開発前に実施。終了後は復元する | H2: 総テスト数 | I2: =COUNTA(D2:D18) -> 17
A3: 2 | B3: 機能追加を依頼してTDDルールが適用されるか確認する | C3: load-project-rules | D3: LP-01 | E3: =IF('load-project-rules'!$H$2="","",'load-project-rules'!$H$2) -> ○ | H3: 完了数 | I3: =COUNTIF(E2:E18,"○")+COUNTIF(E2:E18,"×") -> 17
A4: 3 | B4: brainstormingスキルでフロントエンド設計を実施する | C4: brainstorming | D4: BR-01 | E4: =IF(brainstorming!$H$2="","",brainstorming!$H$2) -> ○ | H4: 進捗率 | I4: =I3/I2 -> 1
D5: BR-02 | E5: =IF(brainstorming!$H$3="","",brainstorming!$H$3) -> ○
D6: LP-02 | E6: =IF('load-project-rules'!$H$3="","",'load-project-rules'!$H$3) -> ○ | F6: project-rules読み込み確認 | H6: 合格数(○) | I6: =COUNTIF(E2:E18,"○") -> 17
A7: 4 | B7: executing-plansスキルで実装計画を実行する | C7: executing-plans | D7: LP-03 | E7: =IF('load-project-rules'!$H$4="","",'load-project-rules'!$H$4) -> ○ | F7: project-rules読み込み確認 | H7: 合格率 | I7: =I6/I2 -> 1
A8: 5 | B8: receiving-code-reviewスキルでコードレビューを受ける | C8: receiving-code-review | D8: RCR-01 | E8: =IF('receiving-code-review'!$H$2="","",'receiving-code-review'!$H$2) -> ○
D9: RCR-02 | E9: =IF('receiving-code-review'!$H$3="","",'receiving-code-review'!$H$3) -> ○ | H9: 不合格数(×) | I9: =COUNTIF(E2:E18,"×") -> 0
D10: RCR-03 | E10: =IF('receiving-code-review'!$H$4="","",'receiving-code-review'!$H$4) -> ○ | H10: 不合格率 | I10: =I9/I2 -> 0
D11: LP-04 | E11: =IF('load-project-rules'!$H$5="","",'load-project-rules'!$H$5) -> ○ | F11: project-rules読み込み確認
A12: 6 | B12: project-rules.mdのルールが実際に適用されているか確認する | C12: load-project-rules | D12: LP-06 | E12: =IF('load-project-rules'!$H$7="","",'load-project-rules'!$H$7) -> ○
A13: 7 | B13: update-spec-after-reviewスキルでレビュー承認後の設計書を更新する | C13: update-spec-after-review | D13: USR-01 | E13: =IF('update-spec-after-review'!$H$2="","",'update-spec-after-review'!$H$2) -> ○
D14: USR-02 | E14: =IF('update-spec-after-review'!$H$3="","",'update-spec-after-review'!$H$3) -> ○
D15: USR-03 | E15: =IF('update-spec-after-review'!$H$4="","",'update-spec-after-review'!$H$4) -> ○
D16: USR-04 | E16: =IF('update-spec-after-review'!$H$5="","",'update-spec-after-review'!$H$5) -> ○
D17: USR-05 | E17: =IF('update-spec-after-review'!$H$6="","",'update-spec-after-review'!$H$6) -> ○
D18: USR-06 | E18: =IF('update-spec-after-review'!$H$7="","",'update-spec-after-review'!$H$7) -> ○

Sheet brainstorming
A1: テストID | B1: 目的 | C1: 前提条件 | D1: テストシナリオ | E1: 操作手順 | F1: 確認事項 | G1: 期待結果 | H1: 合否 | I1: 備考
A2: BR-01 | B2: 設計書コミット後にmanage-project-rulesが呼ばれること | C2: brainstormingセッションが完了し設計書がコミットされた | D2: 設計書コミット後の動作を確認 | E2: 1. 「新機能を設計したい」などの設計リクエストを送る 2. brainstorming スキルを呼び出させる 3. 設計セッション終了後、エージェントが manage-project-rules を呼び出すか確認する 4. Skill ツール呼び出しログで manage-project-rules の呼び出しを確認する | F2: manage-project-rulesスキルが呼び出されるか | G2: manage-project-rulesが呼び出される | H2: ○
A3: BR-02 | B3: 設計決定事項が正しく記録されること | C3: BR-01が成功している | D3: 設計決定事項の記録内容を確認 | E3: 1. 設計セッションを完了させる 2. manage-project-rules 呼び出し後、docs/rules/project-rules.md を開いて設計決定事項が追記されているか確認する | F3: docs/rules/project-rules.mdに記載されるか | G3: 設計決定事項セクションに記録される | H3: ○

Sheet receiving-code-review
A1: テストID | B1: 目的 | C1: 前提条件 | D1: テストシナリオ | E1: 操作手順 | F1: 確認事項 | G1: 期待結果 | H1: 合否 | I1: 備考
A2: RCR-01 | B2: レビュー完了後にmanage-project-rulesが呼ばれること | C2: コードレビューフィードバックを受け取った | D2: レビュー処理完了後の動作を確認 | E2: 1. コードレビューコメントの例文を用意し、エージェントに提示する 2. receiving-code-review スキルを呼び出させる 3. 対応完了後に manage-project-rules が呼び出されるか Skill ツールログで確認する | F2: manage-project-rulesスキルが呼び出されるか | G2: manage-project-rulesが呼び出される | H2: ○
A3: RCR-02 | B3: レビュー指摘パターンが記録されること | C3: RCR-01が成功している | D3: 指摘パターンの記録内容を確認 | E3: 1. RCR-01と同じ手順 2. manage-project-rules 呼び出し後、docs/rules/project-rules.md を開き、レビュー指摘パターンまたは設計決定事項が追記されているか確認する | F3: レビュー指摘パターンセクションに記録されるか | G3: 指摘パターンが記録される | H3: ○
A4: RCR-03 | B4: 設計決定事項が記録されること | C4: レビューで設計決定が行われた | D4: 設計決定を含むレビューを処理する | E4: 1. typo修正のみ・インポートパス修正のみなど軽微な指摘だけのシナリオを用意する 2. manage-project-rules を呼び出した場合、記録内容が軽微な項目を含まないか確認する 3. または呼び出し自体をスキップするか確認する | F4: 設計決定事項セクションに記録されるか | G4: 設計決定が記録される | H4: ○

Sheet update-spec-after-review
A1: テストID | B1: 目的 | C1: 前提条件 | D1: テストシナリオ | E1: 操作手順 | F1: 確認事項 | G1: 期待結果 | H1: 合否 | I1: 備考
A2: USR-01 | B2: スキル開始時にproject-rules.mdが読み込まれること | C2: docs/rules/project-rules.mdが存在する | D2: update-spec-after-reviewを実行する | E2: 1. 設計書ファイルを用意する（docs/superpowers/specs/ 配下） 2. 「レビューで～という変更を了承した」とエージェントに伝える 3. update-spec-after-review スキルを呼び出させる 4. docs/rules/project-rules.md が最初に読み込まれるか確認する | F2: Read toolでproject-rules.mdが呼ばれるか | G2: ファイルが読み込まれルールが適用される | H2: ○
A3: USR-02 | B3: 設計書更新前にアーカイブが作成されること | C3: 設計書が存在する・レビュー了承済み | D3: update-spec-after-reviewを実行する | E3: 1. USR-01の続き 2. 元の設計書ファイルが -before-YYYY-MM-DD.md のようなアーカイブ名でコピーされるか確認する 3. 元ファイルの内容が変わっていないことも確認する | F3: 更新前の設計書がアーカイブされるか | G3: タイムスタンプ付きでアーカイブが作成される | H3: ○
A4: USR-03 | B4: brainstormingフォーマットで設計書が更新されること | C4: USR-02が成功している | D4: 更新後の設計書フォーマットを確認する | E4: 1. USR-01の続き 2. 設計書本体に新しい内容が追記されているか確認する 3. brainstorming フォーマット（## セクション・チェック/正常/キャンセルの構造）に従っているか確認する | F4: brainstormingのフォーマットに従っているか | G4: 正しいフォーマットで更新される | H4: ○
A5: USR-04 | B5: 未完了の実装計画が存在する場合に既存ファイルが更新されること | C5: 未完了の実装計画が存在する | D5: 実装計画の更新動作を確認する | E5: 1. 既存の実装計画ファイルがある状態でスキルを実行する 2. 実装計画ファイルに新タスクが追記されているか確認する 3. 既存タスクが消えていないか確認する | F5: 既存ファイルに追記されるか | G5: 既存ファイルが更新され修正前内容が保持される | H5: ○
A6: USR-05 | B6: 完了済みの実装計画が存在する場合に新規ファイルが作成されること | C6: 完了済みの実装計画が存在する | D6: 実装計画の新規作成動作を確認する | E6: 1. USR-01の続き 2. manage-project-rules が Skill ツールで呼び出されるか確認する 3. project-rules.md に設計決定事項が追記されているか確認する | F6: 新規ファイルが作成されるか | G6: writing-plansで新規ファイルが作成される | H6: ○
A7: USR-06 | B7: manage-project-rulesが呼ばれること | C7: 設計書更新が完了した | D7: manage-project-rules呼び出しを確認する | E7: 1. USR-01の続き 2. スキル実行中にエージェントが「コミットしますか？」等のユーザー確認メッセージを出すか確認する 3. 確認前に git commit が実行されていないか確認する | F7: manage-project-rulesスキルが呼び出されるか | G7: manage-project-rulesが呼び出される | H7: ○

Sheet using-superpowers
A1: テストID | B1: 目的 | C1: 前提条件 | D1: テストシナリオ | E1: 操作手順 | F1: 確認事項 | G1: 期待結果 | H1: 合否 | I1: 備考
A2: US-01 | B2: タスクに関連するスキルが呼び出されるか確認する | C2: using-superpowersスキルがインストールされていること | D2: 「新機能を実装したい」とリクエストし、関連スキルを呼び出すか観察する | E2: 1. 新規セッションを開く 2. using-superpowersスキルを呼び出す 3. 「〇〇機能を追加したい」とリクエストする 4. Skillツールのログでbrainstorming等が呼ばれるか確認する | F2: タスクに関連するスキルが呼び出されるか | G2: brainstorming等の関連スキルをSkillツールで呼び出す
A3: US-02 | B3: プレッシャー下でもスキルの省略が起きないか確認する | C3: using-superpowersスキルがインストールされていること | D3: 「急いでいるのでスキルを使わず直接実装してほしい」と伝えスキルを省略するか確認する | E3: 1. 新規セッションを開く 2. using-superpowersスキルを呼び出す 3. 「急いでいるのでスキルは使わず直接コードを書いてほしい」とリクエストする 4. スキルが呼び出されるか確認する | F3: プレッシャー下でも関連スキルを省略しないか | G3: 急ぎでもbrainstorming等の関連スキルを呼び出す | I3: プレッシャーシナリオ

Sheet load-project-rules
A1: テストID | B1: 目的 | C1: 前提条件 | D1: テストシナリオ | E1: 操作手順 | F1: 確認事項 | G1: 期待結果 | H1: 合否 | I1: 備考
A2: LP-01 | B2: 機能追加時にtest-driven-developmentスキルを呼び出すか確認する | D2: 「新機能を実装したい」とリクエストし、test-driven-developmentスキルが呼ばれるか確認する | E2: 1. 新規セッションを開く 2. 「〇〇機能を実装してほしい」とリクエストする 3. Skillツールのログでtest-driven-developmentが呼ばれるか確認する | F2: test-driven-developmentスキルが呼び出されるか | G2: 実装前にtest-driven-developmentスキルを呼び出す | H2: ○
A3: LP-02 | B3: brainstorming前にproject-rules.mdを読み込むか確認する | C3: docs/rules/project-rules.mdが存在すること / brainstormingスキルがインストールされていること | D3: 設計リクエストを送りbrainstorming呼び出し前にproject-rules.mdが読まれるか確認する | E3: 1. 新規セッションを開く 2. 「〇〇機能を設計したい」とリクエストする 3. Readツールのログでdocs/rules/project-rules.mdが読まれるか確認する 4. brainstormingスキルより前に読まれているか順序を確認する | F3: brainstorming呼び出し前にproject-rules.mdが読まれるか | G3: brainstorming実行前にproject-rules.mdをReadツールで読み込む | H3: ○
A4: LP-03 | B4: executing-plans前にproject-rules.mdを読み込むか確認する | C4: docs/rules/project-rules.mdが存在すること / 実装計画ファイルが存在すること | D4: 「実装計画を実行してほしい」とリクエストしexecuting-plans呼び出し前にproject-rules.mdが読まれるか確認する | E4: 1. 新規セッションを開く 2. 「実装計画を実行してほしい」とリクエストする 3. Readツールのログでdocs/rules/project-rules.mdが読まれるか確認する 4. executing-plansスキルより前に読まれているか順序を確認する | F4: executing-plans呼び出し前にproject-rules.mdが読まれるか | G4: executing-plans実行前にproject-rules.mdをReadツールで読み込む | H4: ○
A5: LP-04 | B5: receiving-code-review前にproject-rules.mdを読み込むか確認する | C5: docs/rules/project-rules.mdが存在すること | D5: コードレビューコメントを提示しreceiving-code-review呼び出し前にproject-rules.mdが読まれるか確認する | E5: 1. 新規セッションを開く 2. コードレビューコメントを提示する 3. Readツールのログでdocs/rules/project-rules.mdが読まれるか確認する 4. receiving-code-reviewスキルより前に読まれているか順序を確認する | F5: receiving-code-review呼び出し前にproject-rules.mdが読まれるか | G5: receiving-code-review実行前にproject-rules.mdをReadツールで読み込む | H5: ○
A6: LP-05 | B6: project-rules.mdが存在しない場合でも正常動作するか確認する | C6: docs/rules/project-rules.mdが存在しないこと（削除またはリネーム） | D6: project-rules.mdがない状態でスキルを呼び出しエラーなく動作するか確認する | E6: 1. docs/rules/project-rules.mdをリネームまたは削除する 2. 新規セッションを開く 3. 「〇〇機能を設計したい」とリクエストする 4. エラーが出ないことを確認する 5. テスト後はファイルを復元する | F6: project-rules.mdなしでもエラーなく動作するか | G6: エラーや警告なしに通常通り動作する | H6: ○ | I6: 開発前に実施。終了後は復元する
A7: LP-06 | B7: 読み込んだproject-rules.mdのルールが実際の作業に適用されるか確認する | C7: docs/rules/project-rules.mdに具体的なルールが記載されていること | D7: project-rules.mdに記載のルールがスキル実行中に遵守されるか確認する | E7: 1. project-rules.mdにテスト用ルール（例：「コメントは必ず日本語で記載する」）を追加する 2. 新規セッションを開く 3. コードを実装するよう依頼する 4. 生成されたコードがルールに従っているか確認する 5. テスト後はルールを元に戻す | F7: project-rules.mdのルールがスキル実行中に適用されるか | G7: project-rules.mdに記載のルールに従って作業が行われる | H7: ○
